<?xml version="1.0" encoding="utf-8"?>
<modification>
    <code>flagship</code>
    <name>FlagShip Modification</name>
    <version>1.0.14</version>
    <author>FlagShip Courier Solutions</author>
    <link>https://www.flagshipcompany.com</link>
    <file path="admin/controller/sale/order.php">
        <operation>
            <search><![CDATA[
                public function info() {
            ]]></search>
            <add position="after"><![CDATA[

                $orderId = $this->request->get['order_id'];
                $data['prepareshipment'] = $this->url->link('extension/shipping/flagship/prepareshipment', 'user_token=' . $this->session->data['user_token'] . '&order_id=' . (int)$this->request->get['order_id'], true);
                $data['confirmshipment'] = $this->url->link('extension/shipping/flagship/confirmshipment', 'user_token=' . $this->session->data['user_token'] . '&order_id=' . (int)$this->request->get['order_id'], true);
                $data['updateshipment'] = $this->url->link('extension/shipping/flagship/updateshipment', 'user_token=' . $this->session->data['user_token'] . '&order_id=' . (int)$this->request->get['order_id'], true);

                $this->load->model('extension/shipping/flagship');
                $shipmentId = $this->model_extension_shipping_flagship->getFlagshipShipmentId($orderId);
                $this->model_extension_shipping_flagship->updateShipmentStatus($shipmentId,$orderId);
                $data['flagshipId'] = $shipmentId;
                $data['flagshipShipmentStatus'] = $this->model_extension_shipping_flagship->getShipmentStatus($orderId);

            ]]>
            </add>
        </operation>
    </file>
    <file path="admin/view/template/sale/order_info.twig">
        <operation>
            <search><![CDATA[
            <div class="pull-right">
            ]]></search>
            <add position="after"><![CDATA[
                <div class="pull-right" style="margin-right:2%">
                    {% if flagshipId == 0 %}
                        <a href="{{prepareshipment}}" class="btn btn-info"><i class="fa fa-location-arrow"></i> Send To FlagShip</a>
                    {% else %}
                        {% if flagshipShipmentStatus == 'prequoted' or flagshipShipmentStatus is empty %}
                            <a href="{{ confirmshipment }}" data-toggle="tooltip" title="Confirm FlagShip Shipment" class="btn btn-info"><i class="fa fa-location-arrow"></i> Confirm FlagShip Shipment {{ flagship_shipment_id }}</a>
                            <a href="{{ updateshipment }}" data-toggle="tooltip" title="Update Shipment" class="btn btn-info"><i class="fa fa-location-arrow"></i> Update Shipment</a>
                        {% else %}
                            <button class="btn btn-success">FlagShip Shipment {{flagshipId}} is Confirmed</button>
                        {% endif %}
                    {% endif %}
                </div>
            ]]></add>
        </operation>
    </file>
</modification>
